"ALL GROUPS","WSZYSTKIE GRUPY","module","Magento_CatalogInventory"
"Customer Group","Grupa klientów","module","Magento_CatalogInventory"
"Minimum Qty","Minimalna ilość","module","Magento_CatalogInventory"
"Add Minimum Qty","Dodaj minimalną ilość","module","Magento_CatalogInventory"
"We can't rebuild the index for an undefined product.","Nie możemy odbudować indeksu dla niezdefiniowanego produktu.","module","Magento_CatalogInventory"
"Could not rebuild index for empty products array","Nie można odbudować indeksu dla pustej tablicy produktów","module","Magento_CatalogInventory"
"The Product stock item is invalid. Verify the stock item and try again.","Pozycja produktu w magazynie jest nieprawidłowa. Sprawdź produkt w magazynie i spróbuj ponownie.","module","Magento_CatalogInventory"
"This product is out of stock.","Ten produkt jest niedostępny.","module","Magento_CatalogInventory"
"Some of the products are out of stock.","Niektóre produkty są niedostępne.","module","Magento_CatalogInventory"
"The stock item for Product in option is not valid.","Pozycja magazynowa produktu w opcji jest nieprawidłowa.","module","Magento_CatalogInventory"
"Undefined product type","Niezdefiniowany typ produktu","module","Magento_CatalogInventory"
"%1 is not a correct comparison method.","%1 nie jest poprawną metodą porównania.","module","Magento_CatalogInventory"
"No Backorders","Brak zaległych zamówień","module","Magento_CatalogInventory"
"Allow Qty Below 0","Zezwalaj na ilość poniżej 0","module","Magento_CatalogInventory"
"Allow Qty Below 0 and Notify Customer","Zezwól na ilość poniżej 0 i powiadom klienta","module","Magento_CatalogInventory"
"In Stock","W magazynie","module","Magento_CatalogInventory"
"Out of Stock","Obecnie brak na stanie","module","Magento_CatalogInventory"
"The stock item was unable to be saved. Please try again.","Nie można zapisać pozycji magazynowej. Proszę spróbuj ponownie.","module","Magento_CatalogInventory"
"The stock item with the ""%1"" ID wasn't found. Verify the ID and try again.","Nie znaleziono pozycji magazynowej o identyfikatorze „%1”. Sprawdź identyfikator i spróbuj ponownie.","module","Magento_CatalogInventory"
"The stock was unable to be saved. Please try again.","Nie udało się zapisać akcji. Proszę spróbuj ponownie.","module","Magento_CatalogInventory"
"The stock with the ""%1"" ID wasn't found. Verify the ID and try again.","Nie znaleziono akcji o identyfikatorze „%1”. Sprawdź identyfikator i spróbuj ponownie.","module","Magento_CatalogInventory"
"Unable to remove Stock with id ""%1""","Nie można usunąć akcji z identyfikatorem ""%1""","module","Magento_CatalogInventory"
"The stock status was unable to be saved. Please try again.","Nie udało się zapisać stanu magazynowego. Proszę spróbuj ponownie.","module","Magento_CatalogInventory"
"Unable to remove Stock Status for product %1","Nie można usunąć statusu magazynu dla produktu % 1","module","Magento_CatalogInventory"
"The ""%1"" value is invalid for stock ID. Enter stock with a default value of %2 to try again.","Wartość „%1” jest nieprawidłowa dla identyfikatora akcji. Wpisz stock z domyślną wartością %2, aby spróbować ponownie.","module","Magento_CatalogInventory"
"The ""%1"" value is invalid for stock item ID. Enter either zero or a number than zero to try again.","Wartość „%1” jest nieprawidłowa dla identyfikatora pozycji magazynowej. Wprowadź zero lub liczbę niż zero, aby spróbować ponownie.","module","Magento_CatalogInventory"
"The ""%1"" value is invalid for stock item ID. Use the stock item ID's assigned ""%2"" value and try again.","Wartość „%1” jest nieprawidłowa dla identyfikatora pozycji magazynowej. Użyj wartości „%2” przypisanej do identyfikatora pozycji magazynowej i spróbuj ponownie.","module","Magento_CatalogInventory"
"Not all of your products are available in the requested quantity.","Nie wszystkie Twoje produkty są dostępne w żądanej ilości.","module","Magento_CatalogInventory"
"The Product with the ""%1"" SKU doesn't exist.","Produkt z kodem SKU „%1” nie istnieje.","module","Magento_CatalogInventory"
"The fewest you may purchase is %1.","Najmniej, które możesz kupić, to %1.","module","Magento_CatalogInventory"
"Please correct the quantity for some products.","Popraw ilość dla niektórych produktów.","module","Magento_CatalogInventory"
"The most you may purchase is %1.","Maksymalna kwota, jaką możesz kupić, to %1.","module","Magento_CatalogInventory"
"The requested qty is not available","Żądana ilość nie jest dostępna","module","Magento_CatalogInventory"
"We don't have as many ""%1"" as you requested, but we'll back order the remaining %2.","Nie mamy tylu „%1”, ile prosiłeś, ale zwrócimy zamówienie na pozostałe %2.","module","Magento_CatalogInventory"
"We don't have ""%1"" in the requested quantity, so we'll back order the remaining %2.","Nie mamy ""%1"" w żądanej ilości, więc zwrócimy zamówienie na pozostałe %2.","module","Magento_CatalogInventory"
"You can buy %1 only in quantities of %2 at a time.","Możesz kupić %1 tylko w ilościach %2 na raz.","module","Magento_CatalogInventory"
"You can buy this product only in quantities of %1 at a time.","Możesz kupić ten produkt tylko w ilości %1 na raz.","module","Magento_CatalogInventory"
"Quantity increments can't use decimals. Enter a new increment and try again.","Przyrosty ilości nie mogą używać ułamków dziesiętnych. Wprowadź nowy przyrost i spróbuj ponownie.","module","Magento_CatalogInventory"
"Something went wrong while updating the product(s) attributes.","Coś poszło nie tak podczas aktualizowania atrybutów produktów.","module","Magento_CatalogInventory"
"Stock Status","Stan magazynowy","module","Magento_CatalogInventory"
"Quantity","Ilość","module","Magento_CatalogInventory"
"Advanced Inventory","Zaawansowany ekwipunek","module","Magento_CatalogInventory"
"%1 is available to buy in increments of %2","% 1 można kupić w przyrostach o % 2","module","Magento_CatalogInventory"
"Only %1 left","Zostało tylko % 1","module","Magento_CatalogInventory"
"Product availability","Dostępność produktu","module","Magento_CatalogInventory"
"Product Name","Nazwa produktu","module","Magento_CatalogInventory"
"Qty","Ilość","module","Magento_CatalogInventory"
"Inventory Section","Sekcja inwentaryzacji","module","Magento_CatalogInventory"
"Inventory","Spis","module","Magento_CatalogInventory"
"Stock Options","Opcje na akcje","module","Magento_CatalogInventory"
"Decrease Stock When Order is Placed","Zmniejsz zapasy po złożeniu zamówienia","module","Magento_CatalogInventory"
"Set Items' Status to be In Stock When Order is Cancelled","Ustaw status pozycji na w magazynie, gdy zamówienie zostanie anulowane","module","Magento_CatalogInventory"
"Display Out of Stock Products","Wyświetlaj produkty niedostępne w magazynie","module","Magento_CatalogInventory"
"Products will still be shown by direct product URLs.","Produkty będą nadal wyświetlane przez bezpośrednie adresy URL produktów.","module","Magento_CatalogInventory"
"Only X left Threshold","Tylko X opuścił próg","module","Magento_CatalogInventory"
"Display Products Availability in Stock on Storefront","Wyświetlaj dostępność produktów w magazynie w witrynie Storefront","module","Magento_CatalogInventory"
"Product Stock Options","Opcje magazynowe produktu","module","Magento_CatalogInventory"
"Please note that these settings apply to individual items in the cart, not to the entire cart.","Należy pamiętać, że te ustawienia dotyczą poszczególnych pozycji w koszyku, a nie całego koszyka.","module","Magento_CatalogInventory"
"Manage Stock","Zarządzaj zapasami","module","Magento_CatalogInventory"
"Changing can take some time due to processing whole catalog.","Zmiana może zająć trochę czasu ze względu na przetwarzanie całego katalogu.","module","Magento_CatalogInventory"
"Backorders","Zaległe zamówienia","module","Magento_CatalogInventory"
"Maximum Qty Allowed in Shopping Cart","Maksymalna ilość dozwolona w koszyku","module","Magento_CatalogInventory"
"Out-of-Stock Threshold","Próg braku magazynu","module","Magento_CatalogInventory"
"Minimum Qty Allowed in Shopping Cart","Minimalna ilość dozwolona w koszyku","module","Magento_CatalogInventory"
"Notify for Quantity Below","Powiadom o ilości poniżej","module","Magento_CatalogInventory"
"Automatically Return Credit Memo Item to Stock","Automatycznie zwróć pozycję noty kredytowej do magazynu","module","Magento_CatalogInventory"
"Enable Qty Increments","Włącz przyrosty ilości","module","Magento_CatalogInventory"
"Qty Increments","Przyrosty ilości","module","Magento_CatalogInventory"
"Stock","Magazyn","module","Magento_CatalogInventory"
"Index stock","Akcje indeksu","module","Magento_CatalogInventory"
"Use Config Settings","Użyj ustawień konfiguracyjnych","module","Magento_CatalogInventory"
"Qty Uses Decimals","Ilość używa miejsc dziesiętnych","module","Magento_CatalogInventory"
"Allow Multiple Boxes for Shipping","Zezwalaj na wiele pudełek do wysyłki","module","Magento_CatalogInventory"
"Shopping Cart","Wózek sklepowy","module","Magento_Checkout"
"Invalid method: %1","Nieprawidłowa metoda: % 1","module","Magento_Checkout"
"City","Miasto","module","Magento_Checkout"
"Country","Kraj","module","Magento_Checkout"
"State/Province","Stan/prowincja","module","Magento_Checkout"
"Zip/Postal Code","Kod pocztowy","module","Magento_Checkout"
"My Cart (1 item)","Mój koszyk (1 przedmiot)","module","Magento_Checkout"
"My Cart (%1 items)","Mój koszyk (%1 pozycji)","module","Magento_Checkout"
"My Cart","Mój wózek","module","Magento_Checkout"
"%1: Line %2","% 1: wiersz % 2","module","Magento_Checkout"
"For delivery questions.","W przypadku pytań dotyczących dostawy.","module","Magento_Checkout"
"Customer is already registered","Klient jest już zarejestrowany","module","Magento_Checkout"
"Your session has expired","Twoja sesja wygasła","module","Magento_Checkout"
"A letter with further instructions will be sent to your email.","Na Twój adres e-mail zostanie wysłany list z dalszymi instrukcjami.","module","Magento_Checkout"
"You added %1 to your shopping cart.","Dodałeś %1 do koszyka.","module","Magento_Checkout"
"We can't add this item to your shopping cart right now.","Nie możemy teraz dodać tego przedmiotu do koszyka.","module","Magento_Checkout"
"Out of stock","Obecnie brak na stanie","module","Magento_Checkout"
"Please select at least one product to add to cart","Wybierz co najmniej jeden produkt do dodania do koszyka","module","Magento_Checkout"
"The quote item isn't found. Verify the item and try again.","Nie znaleziono elementu oferty. Sprawdź pozycję i spróbuj ponownie.","module","Magento_Checkout"
"We cannot configure the product.","Nie możemy skonfigurować produktu.","module","Magento_Checkout"
"You used coupon code ""%1"".","Użyłeś kodu kuponu „%1”.","module","Magento_Checkout"
"The coupon code ""%1"" is not valid.","Kod kuponu ""%1"" jest nieprawidłowy.","module","Magento_Checkout"
"You canceled the coupon code.","Anulowałeś kod kuponu.","module","Magento_Checkout"
"We cannot apply the coupon code.","Nie możemy zastosować kodu kuponu.","module","Magento_Checkout"
"We can't remove the item.","Nie możemy usunąć przedmiotu.","module","Magento_Checkout"
"%1 was updated in your shopping cart.","%1 został zaktualizowany w Twoim koszyku.","module","Magento_Checkout"
"We can't update the item right now.","Nie możemy teraz zaktualizować produktu.","module","Magento_Checkout"
"Page Not Found","Strona nie znaleziona","module","Magento_Checkout"
"Something went wrong while saving the page. Please refresh the page and try again.","Coś poszło nie tak podczas zapisywania strony. Odśwież stronę i spróbuj ponownie.","module","Magento_Checkout"
"We can't update the shopping cart.","Nie możemy zaktualizować koszyka.","module","Magento_Checkout"
"One-page checkout is turned off.","Płatność za jedną stronę jest wyłączona.","module","Magento_Checkout"
"Guest checkout is disabled.","Kasa dla gości jest wyłączona.","module","Magento_Checkout"
"Checkout","Sprawdzić","module","Magento_Checkout"
"Page not found.","Strona nie znaleziona.","module","Magento_Checkout"
"The order wasn't placed. First, agree to the terms and conditions, then try placing your order again.","Zamówienie nie zostało złożone. Najpierw zaakceptuj warunki, a następnie spróbuj ponownie złożyć zamówienie.","module","Magento_Checkout"
"Something went wrong while processing your order. Please try again later.","Coś poszło nie tak podczas przetwarzania zamówienia. Spróbuj ponownie później.","module","Magento_Checkout"
"An unspecified error occurred. Please contact us for assistance.","Wystąpił nieznany błąd. Skontaktuj się z nami, aby uzyskać pomoc.","module","Magento_Checkout"
"%1 doesn't extend \Magento\Checkout\CustomerData\ItemInterface","%1 nie rozszerza \Magento\Checkout\CustomerData\ItemInterface","module","Magento_Checkout"
"Payment Method","Metoda płatności","module","Magento_Checkout"
"Payment Page","Strona płatności","module","Magento_Checkout"
"The product wasn't found. Verify the product and try again.","Nie znaleziono produktu. Sprawdź produkt i spróbuj ponownie.","module","Magento_Checkout"
"We found an invalid request for adding product to quote.","Znaleźliśmy nieprawidłowe żądanie dodania produktu do wyceny.","module","Magento_Checkout"
"The product does not exist.","Produkt nie istnieje.","module","Magento_Checkout"
"We don't have some of the products you want.","Nie mamy niektórych produktów, których potrzebujesz.","module","Magento_Checkout"
"We don't have as many of some products as you want.","Nie mamy tylu produktów, ile chcesz.","module","Magento_Checkout"
"Quantity was recalculated from %1 to %2","Ilość została przeliczona z % 1 na % 2","module","Magento_Checkout"
"We adjusted product quantities to fit the required increments.","Dostosowaliśmy ilości produktów do wymaganych przyrostów.","module","Magento_Checkout"
"This quote item does not exist.","Ta pozycja cytatu nie istnieje.","module","Magento_Checkout"
"Display number of items in cart","Wyświetl liczbę pozycji w koszyku","module","Magento_Checkout"
"Display item quantities","Wyświetl ilości pozycji","module","Magento_Checkout"
"An error occurred on the server. Please try to place the order again.","Na serwerze wystąpił błąd. Spróbuj ponownie złożyć zamówienie.","module","Magento_Checkout"
"A server error stopped your order from being placed. Please try to place your order again.","Błąd serwera uniemożliwił złożenie zamówienia. Spróbuj ponownie złożyć zamówienie.","module","Magento_Checkout"
"The shipping information was unable to be saved. Error: ""%message""","Nie udało się zapisać informacji o wysyłce. Komunikat o błędzie""","module","Magento_Checkout"
"The shipping information was unable to be saved. Verify the input data and try again.","Nie udało się zapisać informacji o wysyłce. Sprawdź dane wejściowe i spróbuj ponownie.","module","Magento_Checkout"
"Carrier with such method not found: %1, %2","Nie znaleziono operatora z taką metodą: %1, %2","module","Magento_Checkout"
"The shipping address is missing. Set the address and try again.","Brak adresu wysyłki. Ustaw adres i spróbuj ponownie.","module","Magento_Checkout"
"The shipping method can't be set for an empty cart. Add an item to cart and try again.","Nie można ustawić metody wysyłki dla pustego koszyka. Dodaj produkt do koszyka i spróbuj ponownie.","module","Magento_Checkout"
" item"," przedmiot","module","Magento_Checkout"
" items"," przedmiotów","module","Magento_Checkout"
"Totals calculation is not applicable to empty cart","Obliczenie sumy nie dotyczy pustego koszyka","module","Magento_Checkout"
"Invalid data","Nieprawidłowe dane","module","Magento_Checkout"
"The customer address is not valid.","Adres klienta jest nieprawidłowy.","module","Magento_Checkout"
"Invalid shipping method","Nieprawidłowa metoda wysyłki","module","Magento_Checkout"
"There are more than one shipping addresses.","Istnieje więcej niż jeden adres dostawy.","module","Magento_Checkout"
"Sorry, guest checkout is not available.","Przepraszamy, płatność jako gość jest niedostępna.","module","Magento_Checkout"
"You must confirm your account. Please check your email for the confirmation link or <a href=""%1"">click here</a> for a new link.","Musisz potwierdzić swoje konto. Sprawdź pocztę e-mail pod kątem linku potwierdzającego lub <a href=""%1"">kliknij tutaj</a>, aby uzyskać nowy link.","module","Magento_Checkout"
"Load customer quote error","Załaduj błąd wyceny klienta","module","Magento_Checkout"
"Error!","Błąd!","module","Magento_Checkout"
"DB exception","Wyjątek DB","module","Magento_Checkout"
"Message","Wiadomość","module","Magento_Checkout"
"Print receipt","Wydrukuj paragon","module","Magento_Checkout"
"Apply Discount Code","Zastosuj kod rabatowy","module","Magento_Checkout"
"Enter discount code","Wpisz kod rabatowy","module","Magento_Checkout"
"Apply Discount","Zastosuj rabat","module","Magento_Checkout"
"Cancel Coupon","Anuluj kupon","module","Magento_Checkout"
"Shopping Cart Items","Elementy koszyka na zakupy","module","Magento_Checkout"
"Item","Przedmiot","module","Magento_Checkout"
"Price","Cena £","module","Magento_Checkout"
"Qty","Ilość","module","Magento_Checkout"
"Subtotal","Suma częściowa","module","Magento_Checkout"
"Continue Shopping","Kontynuować zakupy","module","Magento_Checkout"
"Clear Shopping Cart","Wyczyść koszyk","module","Magento_Checkout"
"Update Shopping Cart","Zaktualizuj koszyk","module","Magento_Checkout"
"Update Cart","Zaktualizuj koszyk","module","Magento_Checkout"
"See price before order confirmation.","Zobacz cenę przed potwierdzeniem zamówienia.","module","Magento_Checkout"
"What's this?","Co to jest?","module","Magento_Checkout"
"Edit item parameters","Edytuj parametry przedmiotu","module","Magento_Checkout"
"Edit","Edytować","module","Magento_Checkout"
"Remove item","Usuń przedmiot","module","Magento_Checkout"
"You have no items in your shopping cart.","Nie masz produktów w koszyku.","module","Magento_Checkout"
"Click <a href=""%1"">here</a> to continue shopping.","Kliknij <a href=""%1"">tutaj</a>, aby kontynuować zakupy.","module","Magento_Checkout"
"Estimate Tax","Oszacowanie podatku","module","Magento_Checkout"
"Estimate Shipping and Tax","Oszacuj koszty wysyłki i podatku","module","Magento_Checkout"
"Excl. Tax","Wył. Podatek","module","Magento_Checkout"
"You added %1 to your <a href=""%2"">shopping cart</a>.","Dodano %1 do swojego <a href=""%2"">koszyka</a>.","module","Magento_Checkout"
"Loading...","Ładowanie...","module","Magento_Checkout"
"Order #","Zamówienie #","module","Magento_Checkout"
"Proceed to Checkout","Przejdź do kasy","module","Magento_Checkout"
"Product Name","Nazwa produktu","module","Magento_Checkout"
"Incl. Tax","W tym Podatek","module","Magento_Checkout"
"Your order number is: %1.","Twój numer zamówienia to: %1.","module","Magento_Checkout"
"Your order # is: <span>%1</span>.","Twoje zamówienie nr to: <span>%1</span>.","module","Magento_Checkout"
"We'll email you an order confirmation with details and tracking info.","Wyślemy Ci potwierdzenie zamówienia ze szczegółami i informacjami o śledzeniu przesyłki.","module","Magento_Checkout"
"Payment Transaction Failed Reminder","Przypomnienie o niepowodzeniu transakcji płatniczej","module","Magento_Checkout"
"Payment Transaction Failed","Transakcja płatnicza nie powiodła się","module","Magento_Checkout"
"Reason","Powód","module","Magento_Checkout"
"Checkout Type","Rodzaj realizacji transakcji","module","Magento_Checkout"
"Customer:","Klient:","module","Magento_Checkout"
"Items","Przedmiotów","module","Magento_Checkout"
"Total:","Całkowity:","module","Magento_Checkout"
"Billing Address:","Adres rozliczeniowy:","module","Magento_Checkout"
"Shipping Address:","Adres wysyłki:","module","Magento_Checkout"
"Shipping Method:","Sposób wysyłki:","module","Magento_Checkout"
"Payment Method:","Metoda płatności:","module","Magento_Checkout"
"Date & Time:","Data i godzina:","module","Magento_Checkout"
"Sign In","Zaloguj","module","Magento_Checkout"
"Email Address","Adres e-mail","module","Magento_Checkout"
"Password","Hasło","module","Magento_Checkout"
"Forgot Your Password?","Zapomniałeś hasła?","module","Magento_Checkout"
"My billing and shipping address are the same","Mój adres rozliczeniowy i adres wysyłki są takie same","module","Magento_Checkout"
"Save in address book","Zapisz w książce adresowej","module","Magento_Checkout"
"Billing Address","Adres rozliczeniowy","module","Magento_Checkout"
"Estimated Total","Szacunkowa całkowita","module","Magento_Checkout"
"You can create an account after checkout.","Konto możesz założyć po złożeniu zamówienia.","module","Magento_Checkout"
"You already have an account with us. Sign in or continue as guest.","Masz już u nas konto. Zaloguj się lub kontynuuj jako gość.","module","Magento_Checkout"
"Login","Zaloguj sie","module","Magento_Checkout"
"See Details","Patrz szczegóły","module","Magento_Checkout"
"Options Details","Opcje Szczegóły","module","Magento_Checkout"
"Update","Aktualizacja","module","Magento_Checkout"
"Remove","Usunąć","module","Magento_Checkout"
"Cart Subtotal","Suma częściowa koszyka","module","Magento_Checkout"
"Payment Information","Informacja o płatności","module","Magento_Checkout"
"No Payment method available.","Brak dostępnej metody płatności.","module","Magento_Checkout"
"You can track your order status by creating an account.","Możesz śledzić status swojego zamówienia, tworząc konto.","module","Magento_Checkout"
"Create an Account","Utwórz konto","module","Magento_Checkout"
"Place Order","Złożyć zamówienie","module","Magento_Checkout"
"Forgot an Item?","Zapomniałeś przedmiotu?","module","Magento_Checkout"
"Edit Your Cart","Edytuj swój koszyk","module","Magento_Checkout"
"Ship To:","Dostawa do:","module","Magento_Checkout"
"edit","edytować","module","Magento_Checkout"
"Order Summary","podsumowanie zamowienia","module","Magento_Checkout"
"View and Edit Cart","Wyświetl i edytuj koszyk","module","Magento_Checkout"
"View Details","Pokaż szczegóły","module","Magento_Checkout"
"Provided Zip/Postal Code seems to be invalid.","Podany kod pocztowy wydaje się być nieprawidłowy.","module","Magento_Checkout"
" Example: "," Przykład:","module","Magento_Checkout"
"If you believe it is the right one you can ignore this notice.","Jeśli uważasz, że jest to właściwe, możesz zignorować to powiadomienie.","module","Magento_Checkout"
"Field ","Pole","module","Magento_Checkout"
" is required."," jest wymagane.","module","Magento_Checkout"
"Something went wrong with your request. Please try again later.","Coś poszło nie tak z Twoją prośbą. Spróbuj ponownie później.","module","Magento_Checkout"
"New Addres​s","Nowy adres","module","Magento_Checkout"
"Are you sure you would like to remove this item from the shopping cart?","Czy na pewno chcesz usunąć ten przedmiot z koszyka?","module","Magento_Checkout"
"Review & Payments","Przegląd i płatności","module","Magento_Checkout"
"Select a new payment method","Wybierz nową metodę płatności","module","Magento_Checkout"
"Shipping","Wysyłka","module","Magento_Checkout"
"Save Address","Zapisz adres","module","Magento_Checkout"
"Cancel","Anuluj","module","Magento_Checkout"
"The shipping method is missing. Select the shipping method and try again.","Brak metody wysyłki. Wybierz metodę wysyłki i spróbuj ponownie.","module","Magento_Checkout"
"Please specify a regionId in shipping address.","Podaj identyfikator regionu w adresie wysyłki.","module","Magento_Checkout"
"Checkout Options","Opcje kasy","module","Magento_Checkout"
"Enable Onepage Checkout","Włącz usługę Onepage Checkout","module","Magento_Checkout"
"Allow Guest Checkout","Zezwól na kasę gościa","module","Magento_Checkout"
"Display Billing Address On","Wyświetlaj adres rozliczeniowy włączony","module","Magento_Checkout"
"Maximum Number of Items to Display in Order Summary","Maksymalna liczba pozycji do wyświetlenia w podsumowaniu zamówienia","module","Magento_Checkout"
"Quote Lifetime (days)","Żywotność wyceny (dni)","module","Magento_Checkout"
"After Adding a Product Redirect to Shopping Cart","Po dodaniu produktu Przekieruj do koszyka","module","Magento_Checkout"
"Number of Items to Display Pager","Liczba pozycji do wyświetlenia Pager","module","Magento_Checkout"
"Show Cross-sell Items in the Shopping Cart","Pokaż przedmioty sprzedaży krzyżowej w koszyku","module","Magento_Checkout"
"My Cart Link","Mój koszyk Link","module","Magento_Checkout"
"Display Cart Summary","Wyświetl podsumowanie koszyka","module","Magento_Checkout"
"Mini Cart","Mini wózek","module","Magento_Checkout"
"Display Mini Cart","Wyświetl mini wózek","module","Magento_Checkout"
"Number of Items to Display Scrollbar","Liczba pozycji do wyświetlenia na pasku przewijania","module","Magento_Checkout"
"Maximum Number of Items to Display","Maksymalna liczba pozycji do wyświetlenia","module","Magento_Checkout"
"Payment Failed Emails","Wiadomości e-mail o nieudanej płatności","module","Magento_Checkout"
"Payment Failed Email Sender","Nadawca wiadomości e-mail nie powiódł się","module","Magento_Checkout"
"Payment Failed Email Receiver","Płatność nie powiodła się Odbiorca wiadomości e-mail","module","Magento_Checkout"
"Payment Failed Template","Szablon płatności nie powiódł się","module","Magento_Checkout"
"Email template chosen based on theme fallback when ""Default"" option is selected.","Szablon wiadomości e-mail wybrany na podstawie motywu zastępczego, gdy wybrana jest opcja „Domyślne”.","module","Magento_Checkout"
"Send Payment Failed Email Copy To","Wyślij wiadomość e-mail z płatnością nieudana Kopiuj do","module","Magento_Checkout"
"Separate by "","".","Oddziel "","".","module","Magento_Checkout"
"Send Payment Failed Email Copy Method","Wyślij płatność nie powiodła się metoda kopiowania wiadomości e-mail","module","Magento_Checkout"
"Summary","Streszczenie","module","Magento_Checkout"
"Order Total","Suma zamówienia","module","Magento_Checkout"
"Shipping Address","adres wysyłki","module","Magento_Checkout"
"Ship here","Wyślij tutaj","module","Magento_Checkout"
"We'll send your order confirmation here.","Tutaj wyślemy potwierdzenie Twojego zamówienia.","module","Magento_Checkout"
"Payment","Zapłata","module","Magento_Checkout"
"Not yet calculated","Jeszcze nie obliczone","module","Magento_Checkout"
"We received your order!","Otrzymaliśmy Twoje zamówienie!","module","Magento_Checkout"
"Thank you for your purchase!","Dziękujemy za zakupy!","module","Magento_Checkout"
"Sign Out","Wyloguj się","module","Magento_Customer"
"Sign In","Zaloguj","module","Magento_Customer"
"You are subscribed to our newsletter.","Zapisałeś się do naszego newslettera.","module","Magento_Customer"
"You aren't subscribed to our newsletter.","Nie jesteś zapisany do naszego newslettera.","module","Magento_Customer"
"You have not set a default shipping address.","Nie ustawiłeś domyślnego adresu wysyłki.","module","Magento_Customer"
"You have not set a default billing address.","Nie ustawiłeś domyślnego adresu rozliczeniowego.","module","Magento_Customer"
"Address Book","Książka adresowa","module","Magento_Customer"
"Edit Address","Edytuj adres","module","Magento_Customer"
"Add New Address","Dodaj nowy adres","module","Magento_Customer"
"Customer not logged in","Klient niezalogowany","module","Magento_Customer"
"region","region","module","Magento_Customer"
"Create Order","Utwórz zamówienie","module","Magento_Customer"
"Save Customer","Zapisz klienta","module","Magento_Customer"
"Delete Customer","Usuń klienta","module","Magento_Customer"
"Reset Password","Zresetuj hasło","module","Magento_Customer"
"Are you sure you want to revoke the customer's tokens?","Czy na pewno chcesz unieważnić tokeny klienta?","module","Magento_Customer"
"Force Sign-In","Wymuś logowanie","module","Magento_Customer"
"New Customer","Nowy klient","module","Magento_Customer"
"Save and Continue Edit","Zapisz i kontynuuj edycję","module","Magento_Customer"
"Cancel","Anuluj","module","Magento_Customer"
"Delete","Kasować","module","Magento_Customer"
"Save","Zapisać","module","Magento_Customer"
"Back","Plecy","module","Magento_Customer"
"Please select","Proszę wybrać","module","Magento_Customer"
"Reset","Resetowanie","module","Magento_Customer"
"ID","ID","module","Magento_Customer"
"Product","Produkt","module","Magento_Customer"
"SKU","SKU","module","Magento_Customer"
"Quantity","Ilość","module","Magento_Customer"
"Price","Cena £","module","Magento_Customer"
"Total","Całkowity","module","Magento_Customer"
"Action","Akcja","module","Magento_Customer"
"Configure","Konfiguruj","module","Magento_Customer"
"Shopping Cart from %1","Koszyk z % 1","module","Magento_Customer"
"Newsletter","Biuletyn Informacyjny","module","Magento_Customer"
"Newsletter Information","Informacje o biuletynie","module","Magento_Customer"
"Subscribed to Newsletter","Zapisałem się do Newslettera","module","Magento_Customer"
"Subscribed on Store View","Subskrybowano w widoku sklepu","module","Magento_Customer"
"Last Date Subscribed","Data ostatniej subskrypcji","module","Magento_Customer"
"Last Date Unsubscribed","Ostatnia data rezygnacji z subskrypcji","module","Magento_Customer"
"No Newsletter Found","Nie znaleziono biuletynu","module","Magento_Customer"
"Start date","Data rozpoczęcia","module","Magento_Customer"
"End Date","Data zakonczenia","module","Magento_Customer"
"Receive Date","Data otrzymania","module","Magento_Customer"
"Subject","Przedmiot","module","Magento_Customer"
"Store View","Widok sklepu","module","Magento_Customer"
"Status","Status","module","Magento_Customer"
"Sent","Wysłano","module","Magento_Customer"
"Not Sent","Nie wysłane","module","Magento_Customer"
"Sending","Wysyłanie","module","Magento_Customer"
"Paused","Wstrzymane","module","Magento_Customer"
"View","Pogląd","module","Magento_Customer"
"Unknown","Nieznany","module","Magento_Customer"
"Order #","Zamówienie #","module","Magento_Customer"
"Purchased","Zakupione","module","Magento_Customer"
"Bill-to Name","Nazwa płatnika","module","Magento_Customer"
"Ship-to Name","Nazwa odbiorcy","module","Magento_Customer"
"Order Total","Suma zamówienia","module","Magento_Customer"
"Purchase Point","Punkt zakupu","module","Magento_Customer"
"Customer View","Widok klienta","module","Magento_Customer"
"There are no items in customer's shopping cart.","W koszyku klienta nie ma żadnych pozycji.","module","Magento_Customer"
"Qty","Ilość","module","Magento_Customer"
"Confirmed","Potwierdzony","module","Magento_Customer"
"Confirmation Required","Wymagane Potwierdzenie","module","Magento_Customer"
"Confirmation Not Required","Potwierdzenie nie jest wymagane","module","Magento_Customer"
"Indeterminate","Nieokreślony","module","Magento_Customer"
"The customer does not have default billing address.","Klient nie ma domyślnego adresu rozliczeniowego.","module","Magento_Customer"
"Offline","Offline","module","Magento_Customer"
"Online","online","module","Magento_Customer"
"Never","Nigdy","module","Magento_Customer"
"Unlocked","Odblokowany","module","Magento_Customer"
"Locked","Zablokowany","module","Magento_Customer"
"Deleted Stores","Usunięte sklepy","module","Magento_Customer"
"Add Locale","Dodaj region","module","Magento_Customer"
"Add Date","Dodaj datę","module","Magento_Customer"
"Days in Wish List","Dni na liście życzeń","module","Magento_Customer"
"Unlock","Odblokować","module","Magento_Customer"
"No","Nie","module","Magento_Customer"
"Yes","tak","module","Magento_Customer"
"Delete File","Usunąć plik","module","Magento_Customer"
"Download","Ściągnij","module","Magento_Customer"
"Delete Image","Usuń zdjęcie","module","Magento_Customer"
"View Full Size","Zobacz pełny rozmiar","module","Magento_Customer"
"Website","Stronie internetowej","module","Magento_Customer"
"Subscribed","Subskrybowany","module","Magento_Customer"
"Last Updated At","Ostatnia aktualizacja w","module","Magento_Customer"
"All countries","Wszystkie kraje","module","Magento_Customer"
"Customer Groups","Grupy klientów","module","Magento_Customer"
"Add New Customer Group","Dodaj nową grupę klientów","module","Magento_Customer"
"Save Customer Group","Zapisz grupę klientów","module","Magento_Customer"
"Delete Customer Group","Usuń grupę klientów","module","Magento_Customer"
"New Customer Group","Nowa grupa klientów","module","Magento_Customer"
"Edit Customer Group ""%1""","Edytuj grupę klientów ""%1""","module","Magento_Customer"
"Group Information","Informacje o grupie","module","Magento_Customer"
"Group Name","Nazwa grupy","module","Magento_Customer"
"Maximum length must be less then %1 characters.","Maksymalna długość musi być mniejsza niż %1 znaków.","module","Magento_Customer"
"Tax Class","Klasa podatkowa","module","Magento_Customer"
"The customer is now assigned to Customer Group %s.","Klient jest teraz przypisany do grupy klientów %s.","module","Magento_Customer"
"Would you like to change the Customer Group for this order?","Czy chcesz zmienić grupę klientów dla tego zamówienia?","module","Magento_Customer"
"The VAT ID is valid.","Identyfikator VAT jest ważny.","module","Magento_Customer"
"The VAT ID entered (%s) is not a valid VAT ID.","Wprowadzony identyfikator VAT (%s) nie jest prawidłowym identyfikatorem VAT.","module","Magento_Customer"
"The VAT ID is valid. The current Customer Group will be used.","Identyfikator VAT jest ważny. Wykorzystana zostanie aktualna Grupa Klientów.","module","Magento_Customer"
"The VAT ID is valid but no Customer Group is assigned for it.","Identyfikator VAT jest ważny, ale nie jest do niego przypisana żadna grupa klientów.","module","Magento_Customer"
"Based on the VAT ID, the customer belongs to the Customer Group %s.","Na podstawie identyfikatora VAT klient należy do grupy klientów %s.","module","Magento_Customer"
"Something went wrong while validating the VAT ID.","Coś poszło nie tak podczas weryfikacji identyfikatora VAT.","module","Magento_Customer"
"The customer would belong to Customer Group %s.","Klient powinien należeć do grupy klientów %s.","module","Magento_Customer"
"There was an error detecting Customer Group.","Wystąpił błąd podczas wykrywania grupy klientów.","module","Magento_Customer"
"Validate VAT Number","Sprawdź numer VAT","module","Magento_Customer"
"Date of Birth","Data urodzenia","module","Magento_Customer"
"Bad request.","Zła prośba.","module","Magento_Customer"
"This confirmation key is invalid or has expired.","Ten klucz potwierdzenia jest nieprawidłowy lub wygasł.","module","Magento_Customer"
"There was an error confirming the account","Wystąpił błąd podczas potwierdzania konta","module","Magento_Customer"
"If you are a registered VAT customer, please click <a href=""%1"">here</a> to enter your shipping address for proper VAT calculation.","Jeśli jesteś zarejestrowanym klientem VAT, kliknij <a href=""%1"">tutaj</a>, aby wprowadzić adres wysyłki w celu prawidłowego obliczenia podatku VAT.","module","Magento_Customer"
"If you are a registered VAT customer, please click <a href=""%1"">here</a> to enter your billing address for proper VAT calculation.","Jeśli jesteś zarejestrowanym klientem VAT, kliknij <a href=""%1"">tutaj</a>, aby wprowadzić swój adres rozliczeniowy w celu prawidłowego obliczenia podatku VAT.","module","Magento_Customer"
"Thank you for registering with %1.","Dziękujemy za zarejestrowanie się w %1.","module","Magento_Customer"
"Please check your email for confirmation key.","Sprawdź pocztę e-mail w celu uzyskania klucza potwierdzającego.","module","Magento_Customer"
"This email does not require confirmation.","Ten e-mail nie wymaga potwierdzenia.","module","Magento_Customer"
"Wrong email.","Zły email.","module","Magento_Customer"
"Your password reset link has expired.","Twój link do resetowania hasła wygasł.","module","Magento_Customer"
"Invalid Form Key. Please refresh the page.","Nieprawidłowy klucz formularza. Odśwież stronę.","module","Magento_Customer"
"We can't save the customer.","Nie możemy uratować klienta.","module","Magento_Customer"
"Please make sure your passwords match.","Proszę się upewnić, że hasła są takie same.","module","Magento_Customer"
"If you are a registered VAT customer, please <a href=""%1"">click here</a> to enter your shipping address for proper VAT calculation.","Jeśli jesteś zarejestrowanym klientem VAT, <a href=""%1"">kliknij tutaj</a>, aby wprowadzić adres wysyłki w celu prawidłowego obliczenia podatku VAT.","module","Magento_Customer"
"If you are a registered VAT customer, please <a href=""%1"">click here</a> to enter your billing address for proper VAT calculation.","Jeśli jesteś zarejestrowanym klientem VAT, <a href=""%1"">kliknij tutaj</a>, aby wprowadzić swój adres rozliczeniowy w celu prawidłowego obliczenia podatku VAT.","module","Magento_Customer"
"Account Information","informacje o koncie","module","Magento_Customer"
"You saved the account information.","Zapisałeś informacje o koncie.","module","Magento_Customer"
"The account sign-in was incorrect or your account is disabled temporarily. Please wait and try again later.","Logowanie na konto było nieprawidłowe lub Twoje konto zostało tymczasowo wyłączone. Poczekaj i spróbuj ponownie później.","module","Magento_Customer"
"Password confirmation doesn't match entered password.","Potwierdzenie hasła nie zgadza się z wprowadzonym hasłem.","module","Magento_Customer"
"The password doesn't match this account. Verify the password and try again.","Hasło nie pasuje do tego konta. Sprawdź hasło i spróbuj ponownie.","module","Magento_Customer"
"The email address is incorrect. Verify the email address and try again.","Adres e-mail jest nieprawidłowy. Sprawdź adres e-mail i spróbuj ponownie.","module","Magento_Customer"
"We're unable to send the password reset email.","Nie możemy wysłać wiadomości e-mail dotyczącej resetowania hasła.","module","Magento_Customer"
"Please enter your email.","Podaj swój adres e-mail.","module","Magento_Customer"
"If there is an account associated with %1 you will receive an email with a link to reset your password.","Jeśli istnieje konto powiązane z %1, otrzymasz wiadomość e-mail z łączem do zresetowania hasła.","module","Magento_Customer"
"An unspecified error occurred. Please contact us for assistance.","Wystąpił nieznany błąd. Skontaktuj się z nami, aby uzyskać pomoc.","module","Magento_Customer"
"A login and a password are required.","Wymagany jest login i hasło.","module","Magento_Customer"
"New Password and Confirm New Password values didn't match.","Wartości Nowe hasło i Potwierdź nowe hasło nie są zgodne.","module","Magento_Customer"
"Please enter a new password.","Wprowadź nowe hasło.","module","Magento_Customer"
"You updated your password.","Zaktualizowałeś swoje hasło.","module","Magento_Customer"
"Something went wrong while saving the new password.","Coś poszło nie tak podczas zapisywania nowego hasła.","module","Magento_Customer"
"You deleted the address.","Usunąłeś adres.","module","Magento_Customer"
"We can't delete the address right now.","Nie możemy teraz usunąć adresu.","module","Magento_Customer"
"No files for upload.","Brak plików do przesłania.","module","Magento_Customer"
"You saved the address.","Zapisałeś adres.","module","Magento_Customer"
"We can't save the address.","Nie możemy zapisać adresu.","module","Magento_Customer"
"There is no address id in setting default billing address.","Nie ma identyfikatora adresu w ustawieniu domyślnego adresu rozliczeniowego.","module","Magento_Customer"
"Default billing address has been changed.","Domyślny adres rozliczeniowy został zmieniony.","module","Magento_Customer"
"We can't change default billing address right now.","Nie możemy teraz zmienić domyślnego adresu rozliczeniowego.","module","Magento_Customer"
"There is no address id in setting default shipping address.","Nie ma identyfikatora adresu w ustawieniu domyślnego adresu wysyłki.","module","Magento_Customer"
"Default shipping address has been changed.","Domyślny adres wysyłki został zmieniony.","module","Magento_Customer"
"We can't change default shipping address right now.","Nie możemy teraz zmienić domyślnego adresu wysyłki.","module","Magento_Customer"
"A total of %1 record(s) have been deleted.","Usunięto łącznie %1 rekordów.","module","Magento_Customer"
"There is no such address entity to delete.","Nie ma takiej jednostki adresu do usunięcia.","module","Magento_Customer"
"We can't mass delete the addresses right now.","Nie możemy teraz masowo usunąć adresów.","module","Magento_Customer"
"Customer address has been updated.","Adres klienta został zaktualizowany.","module","Magento_Customer"
"New customer address has been added.","Dodano nowy adres klienta.","module","Magento_Customer"
"There is no customer with such id.","Nie ma klienta o takim identyfikatorze.","module","Magento_Customer"
"We can't change customer address right now.","Nie możemy teraz zmienić adresu klienta.","module","Magento_Customer"
"The customer ID isn't defined.","Identyfikator klienta nie jest zdefiniowany.","module","Magento_Customer"
"The quote items are incorrect. Verify the quote items and try again.","Pozycje wyceny są nieprawidłowe. Sprawdź oferty i spróbuj ponownie.","module","Magento_Customer"
"You have revoked the customer's tokens.","Unieważniłeś tokeny klienta.","module","Magento_Customer"
"We can't find a customer to revoke.","Nie możemy znaleźć klienta do odwołania.","module","Magento_Customer"
"Something went wrong while saving file.","Coś poszło nie tak podczas zapisywania pliku.","module","Magento_Customer"
"You deleted the customer group.","Usunąłeś grupę klientów.","module","Magento_Customer"
"The customer group no longer exists.","Grupa klientów już nie istnieje.","module","Magento_Customer"
"Customers","Klienci","module","Magento_Customer"
"New Group","Nowa grupa","module","Magento_Customer"
"New Customer Groups","Nowe grupy klientów","module","Magento_Customer"
"Edit Group","Edytuj grupę","module","Magento_Customer"
"Edit Customer Groups","Edytuj grupy klientów","module","Magento_Customer"
"You saved the customer group.","Zapisałeś grupę klientów.","module","Magento_Customer"
"Please select customer(s).","Wybierz klienta(ów).","module","Magento_Customer"
"Customer could not be deleted.","Nie udało się usunąć klienta.","module","Magento_Customer"
"You deleted the customer.","Usunąłeś klienta.","module","Magento_Customer"
"Something went wrong while editing the customer.","Coś poszło nie tak podczas edytowania klienta.","module","Magento_Customer"
"Manage Customers","Zarządzaj klientami","module","Magento_Customer"
"Please correct the data sent.","Proszę poprawić przesłane dane.","module","Magento_Customer"
"A total of %1 record(s) were updated.","Zaktualizowano łącznie %1 rekordów.","module","Magento_Customer"
"A total of %1 record(s) were deleted.","Usunięto łącznie %1 rekordów.","module","Magento_Customer"
"The customer will receive an email with a link to reset password.","Klient otrzyma wiadomość e-mail z linkiem do zresetowania hasła.","module","Magento_Customer"
"Something went wrong while resetting customer password.","Coś poszło nie tak podczas resetowania hasła klienta.","module","Magento_Customer"
"The Store View selected for sending Welcome email from is not related to the customer's associated website.","Widok sklepu wybrany do wysłania powitalnej wiadomości e-mail z nie jest powiązany z powiązaną witryną internetową klienta.","module","Magento_Customer"
"You saved the customer.","Uratowałeś klienta.","module","Magento_Customer"
"Something went wrong while saving the customer.","Coś poszło nie tak podczas zapisywania klienta.","module","Magento_Customer"
"Page not found.","Strona nie znaleziona.","module","Magento_Customer"
"Customer has been unlocked successfully.","Klient został pomyślnie odblokowany.","module","Magento_Customer"
"Online Customers","Klienci online","module","Magento_Customer"
"Customers Now Online","Klienci teraz online","module","Magento_Customer"
"Please define Wish List item ID.","Proszę zdefiniować identyfikator pozycji listy życzeń.","module","Magento_Customer"
"Please load Wish List item.","Proszę załadować element listy życzeń.","module","Magento_Customer"
"Login successful.","Zalogowano poprawnie.","module","Magento_Customer"
"Invalid login or password.","Niepoprawny login lub hasło.","module","Magento_Customer"
"The ""%1"" section source isn't supported.","Źródło sekcji „%1” nie jest obsługiwane.","module","Magento_Customer"
"%1 doesn't extend \Magento\Customer\CustomerData\SectionSourceInterface","%1 nie rozszerza \Magento\Customer\CustomerData\SectionSourceInterface","module","Magento_Customer"
"Confirmation isn't needed.","Potwierdzenie nie jest potrzebne.","module","Magento_Customer"
"The account is already active.","Konto jest już aktywne.","module","Magento_Customer"
"The confirmation token is invalid. Verify the token and try again.","Token potwierdzenia jest nieprawidłowy. Zweryfikuj token i spróbuj ponownie.","module","Magento_Customer"
"The account is locked.","Konto jest zablokowane.","module","Magento_Customer"
"This account isn't confirmed. Verify and try again.","To konto nie jest potwierdzone. Sprawdź i spróbuj ponownie.","module","Magento_Customer"
"Invalid value of ""%value"" provided for the %fieldName field. Possible values: %template1 or %template2.","Nieprawidłowa wartość „%value” podana w polu %fieldName. Możliwe wartości: %template1 lub %template2.","module","Magento_Customer"
"Please enter a password with at most %1 characters.","Proszę wprowadzić hasło składające się z maksymalnie %1 znaków.","module","Magento_Customer"
"The password needs at least %1 characters. Create a new password and try again.","Hasło wymaga co najmniej %1 znaków. Utwórz nowe hasło i spróbuj ponownie.","module","Magento_Customer"
"The password can't begin or end with a space. Verify the password and try again.","Hasło nie może zaczynać się ani kończyć spacją. Sprawdź hasło i spróbuj ponownie.","module","Magento_Customer"
"Minimum of different classes of characters in password is %1. Classes of characters: Lower Case, Upper Case, Digits, Special Characters.","Minimum różnych klas znaków w haśle to %1. Klasy znaków: małe litery, wielkie litery, cyfry, znaki specjalne.","module","Magento_Customer"
"The password can't be the same as the email address. Create a new password and try again.","Hasło nie może być takie samo jak adres e-mail. Utwórz nowe hasło i spróbuj ponownie.","module","Magento_Customer"
"This customer already exists in this store.","Ten klient już istnieje w tym sklepie.","module","Magento_Customer"
"A customer with the same email address already exists in an associated website.","Klient z tym samym adresem e-mail już istnieje w powiązanej witrynie.","module","Magento_Customer"
"The store view is not in the associated website.","Widok sklepu nie znajduje się w powiązanej witrynie.","module","Magento_Customer"
"Invalid value of ""%value"" provided for the %fieldName field.","Nieprawidłowa wartość „%value” podana w polu %fieldName.","module","Magento_Customer"
"""%fieldName"" is required. Enter and try again.","„%fieldName” jest wymagane. Wejdź i spróbuj ponownie.","module","Magento_Customer"
"The password token is mismatched. Reset and try again.","Token hasła jest niezgodny. Zresetuj i spróbuj ponownie.","module","Magento_Customer"
"The password token is expired. Reset and try again.","Token hasła wygasł. Zresetuj i spróbuj ponownie.","module","Magento_Customer"
"The transactional account email type is incorrect. Verify and try again.","Typ adresu e-mail konta transakcyjnego jest nieprawidłowy. Sprawdź i spróbuj ponownie.","module","Magento_Customer"
"""%1"" is a required value.","„%1” to wymagana wartość.","module","Magento_Customer"
"Global","Światowy","module","Magento_Customer"
"Per Website","Na stronę internetową","module","Magento_Customer"
"We can't share customer accounts globally when the accounts share identical email addresses on more than one website.","Nie możemy udostępniać kont klientów globalnie, jeśli konta mają identyczne adresy e-mail w więcej niż jednej witrynie.","module","Magento_Customer"
"Billing Address","Adres rozliczeniowy","module","Magento_Customer"
"Shipping Address","adres wysyłki","module","Magento_Customer"
"-- Please Select --","-- Proszę wybrać --","module","Magento_Customer"
"A valid password reset token is missing. Enter and try again.","Brak prawidłowego tokena resetowania hasła. Wejdź i spróbuj ponownie.","module","Magento_Customer"
"Admin","Administrator","module","Magento_Customer"
"ALL GROUPS","WSZYSTKIE GRUPY","module","Magento_Customer"
"No such entity with %fieldName = %fieldValue, %field2Name = %field2Value","Brak takiego podmiotu z %fieldName = %fieldValue, %field2Name = %field2Value","module","Magento_Customer"
"File can not be saved to the destination folder.","Nie można zapisać pliku w folderze docelowym.","module","Magento_Customer"
"Unable to create directory %1.","Nie można utworzyć katalogu %1.","module","Magento_Customer"
"Destination folder is not writable or does not exists.","Folder docelowy nie jest zapisywalny lub nie istnieje.","module","Magento_Customer"
"Something went wrong while saving the file.","Coś poszło nie tak podczas zapisywania pliku.","module","Magento_Customer"
"Reset password token expired.","Token resetowania hasła wygasł.","module","Magento_Customer"
"No such entity with rp_token = %value","Brak takiej jednostki z rp_token = %value","module","Magento_Customer"
"Attribute object is undefined","Obiekt atrybutu jest niezdefiniowany","module","Magento_Customer"
"""%1"" invalid type entered.","Wprowadzono nieprawidłowy typ „%1”.","module","Magento_Customer"
"""%1"" contains non-alphabetic or non-numeric characters.","„%1” zawiera znaki inne niż alfabetyczne lub nieliczbowe.","module","Magento_Customer"
"""%1"" is an empty string.","„%1” to pusty ciąg.","module","Magento_Customer"
"""%1"" contains non-numeric characters.","„%1” zawiera znaki nieliczbowe.","module","Magento_Customer"
"""%1"" contains non-alphabetic characters.","„%1” zawiera znaki inne niż alfabetyczne.","module","Magento_Customer"
"""%1"" is not a valid email address.","„%1” nie jest prawidłowym adresem e-mail.","module","Magento_Customer"
"""%1"" is not a valid hostname.","„%1” nie jest prawidłową nazwą hosta.","module","Magento_Customer"
"""%1"" uses too many characters.","""%1"" używa zbyt wielu znaków.","module","Magento_Customer"
"'%value%' looks like an IP address, which is not an acceptable format.","„%value%” wygląda jak adres IP, co nie jest akceptowalnym formatem.","module","Magento_Customer"
"'%value%' looks like a DNS hostname but contains a dash in an invalid position.","„%value%” wygląda jak nazwa hosta DNS, ale zawiera myślnik w nieprawidłowej pozycji.","module","Magento_Customer"
"'%value%' looks like a DNS hostname but we cannot match it against the hostname schema for TLD '%tld%'.","„%value%” wygląda jak nazwa hosta DNS, ale nie możemy dopasować jej do schematu nazwy hosta dla TLD „%tld%”.","module","Magento_Customer"
"'%value%' looks like a DNS hostname but cannot extract TLD part.","„%value%” wygląda jak nazwa hosta DNS, ale nie może wyodrębnić części TLD.","module","Magento_Customer"
"'%value%' does not look like a valid local network name.","„%value%” nie wygląda na prawidłową nazwę sieci lokalnej.","module","Magento_Customer"
"'%value%' looks like a local network name, which is not an acceptable format.","„%value%” wygląda jak nazwa sieci lokalnej, co nie jest akceptowalnym formatem.","module","Magento_Customer"
"'%value%' appears to be a DNS hostname, but the given punycode notation cannot be decoded.","„%value%” wydaje się być nazwą hosta DNS, ale podanej notacji kodu punycode nie można odszyfrować.","module","Magento_Customer"
"""%1"" is not a valid URL.","„%1” nie jest prawidłowym adresem URL.","module","Magento_Customer"
"""%1"" is not a valid date.","„%1” nie jest prawidłową datą.","module","Magento_Customer"
"""%1"" does not fit the entered date format.","„%1” nie pasuje do wprowadzonego formatu daty.","module","Magento_Customer"
"Please enter a valid date between %1 and %2 at %3.","Wprowadź poprawną datę między %1 a %2 w %3.","module","Magento_Customer"
"Please enter a valid date equal to or greater than %1 at %2.","Wprowadź prawidłową datę równą lub większą niż %1 w %2.","module","Magento_Customer"
"Please enter a valid date less than or equal to %1 at %2.","Wprowadź prawidłową datę mniejszą lub równą %1 w %2.","module","Magento_Customer"
"""%1"" is not a valid file extension.","„%1” nie jest prawidłowym rozszerzeniem pliku.","module","Magento_Customer"
"""%1"" is not a valid file.","„%1” nie jest prawidłowym plikiem.","module","Magento_Customer"
"""%1"" exceeds the allowed file size.","""%1"" przekracza dozwolony rozmiar pliku.","module","Magento_Customer"
"""%1"" is not a valid image format.","„%1” nie jest prawidłowym formatem obrazu.","module","Magento_Customer"
"""%1"" width exceeds allowed value of %2 px.","Szerokość „%1” przekracza dozwoloną wartość %2 pikseli.","module","Magento_Customer"
"""%1"" height exceeds allowed value of %2 px.","Wysokość „%1” przekracza dozwoloną wartość %2 pikseli.","module","Magento_Customer"
"""%1"" length must be equal or greater than %2 characters.","Długość „%1” musi być równa lub większa niż %2 znaków.","module","Magento_Customer"
"""%1"" length must be equal or less than %2 characters.","Długość „%1” musi być równa lub mniejsza niż %2 znaków.","module","Magento_Customer"
"label","etykieta","module","Magento_Customer"
"The customer email is missing. Enter and try again.","Brak adresu e-mail klienta. Wejdź i spróbuj ponownie.","module","Magento_Customer"
"A customer website ID wasn't specified. The ID must be specified to use the website scope.","Nie określono identyfikatora witryny klienta. Aby móc korzystać z zakresu witryny, należy podać identyfikator.","module","Magento_Customer"
"Customer Group","Grupa klientów","module","Magento_Customer"
"You can't delete group ""%1"".","Nie możesz usunąć grupy „%1”.","module","Magento_Customer"
"Customer Group already exists.","Grupa klientów już istnieje.","module","Magento_Customer"
"Cannot delete group.","Nie można usunąć grupy.","module","Magento_Customer"
"Error during VAT Number verification.","Błąd podczas weryfikacji numeru VAT.","module","Magento_Customer"
"PHP SOAP extension is required.","Wymagane jest rozszerzenie PHP SOAP.","module","Magento_Customer"
"VAT Number is valid.","Numer VAT jest ważny.","module","Magento_Customer"
"Please enter a valid VAT number.","Podaj prawidłowy numer VAT.","module","Magento_Customer"
"Your VAT ID was successfully validated.","Twój identyfikator VAT został pomyślnie zweryfikowany.","module","Magento_Customer"
"You will be charged tax.","Zostaniesz obciążony podatkiem.","module","Magento_Customer"
"You will not be charged tax.","Nie zostaniesz obciążony podatkiem.","module","Magento_Customer"
"The VAT ID entered (%1) is not a valid VAT ID.","Wprowadzony identyfikator VAT (%1) nie jest prawidłowym identyfikatorem VAT.","module","Magento_Customer"
"Your Tax ID cannot be validated.","Twój identyfikator podatkowy nie może zostać zweryfikowany.","module","Magento_Customer"
"If you believe this is an error, please contact us at %1","Jeśli uważasz, że to błąd, skontaktuj się z nami pod adresem %1","module","Magento_Customer"
"No such entity with %fieldName = %fieldValue","Brak takiego podmiotu z %fieldName = %fieldValue","module","Magento_Customer"
"Male","Mężczyzna","module","Magento_Customer"
"Female","Kobieta","module","Magento_Customer"
"Not Specified","Nieokreślony","module","Magento_Customer"
"If you are a registered VAT customer, please click <a href=""%1"">here</a> to enter your billing address for proper VAT calculation.","Jeśli jesteś zarejestrowanym klientem VAT, kliknij <a href=""%1"">tutaj</a>, aby wprowadzić swój adres rozliczeniowy w celu prawidłowego obliczenia podatku VAT.","module","Magento_Customer"
"If you are a registered VAT customer, please click <a href=""%1"">here</a> to enter your shipping address for proper VAT calculation.","Jeśli jesteś zarejestrowanym klientem VAT, kliknij <a href=""%1"">tutaj</a>, aby wprowadzić adres wysyłki w celu prawidłowego obliczenia podatku VAT.","module","Magento_Customer"
"NoSuchEntityException","NoSuchEntityException","module","Magento_Customer"
"EmailNotConfirmedException","Email NotConfirmedException","module","Magento_Customer"
"AuthenticationException","Wyjątek uwierzytelniania","module","Magento_Customer"
"UserLockedException","Wyjątek zablokowany przez użytkownika","module","Magento_Customer"
"InputException","InputException","module","Magento_Customer"
"Exception message","Komunikat o wyjątku","module","Magento_Customer"
"Validator Exception","Wyjątek walidatora","module","Magento_Customer"
"Localized Exception","Zlokalizowany wyjątek","module","Magento_Customer"
"some error","jakiś błąd","module","Magento_Customer"
"Street","Ulica","module","Magento_Customer"
"frontend_label","frontend_label","module","Magento_Customer"
"NOT LOGGED IN","NIE ZALOGOWANY","module","Magento_Customer"
"Please enter the state/province.","Podaj stan/prowincję.","module","Magento_Customer"
"region is a required field.","region jest polem wymaganym.","module","Magento_Customer"
"""regionId"" is required. Enter and try again.","„Id regionu” jest wymagany. Wejdź i spróbuj ponownie.","module","Magento_Customer"
"Label","Etykieta","module","Magento_Customer"
"Select...","Wybierać...","module","Magento_Customer"
"Edit","Edytować","module","Magento_Customer"
"Delete %1","Usuń% 1","module","Magento_Customer"
"Are you sure you want to delete a %1 record?","Czy na pewno chcesz usunąć rekord %1?","module","Magento_Customer"
"Set as default billing","Ustaw jako rozliczenia domyślne","module","Magento_Customer"
"Set address as default billing","Ustaw adres jako rozliczenie domyślne","module","Magento_Customer"
"Are you sure you want to set the address as default billing address?","Czy na pewno chcesz ustawić adres jako domyślny adres rozliczeniowy?","module","Magento_Customer"
"Set as default shipping","Ustaw jako domyślną wysyłkę","module","Magento_Customer"
"Set address as default shipping","Ustaw adres jako domyślną wysyłkę","module","Magento_Customer"
"Are you sure you want to set the address as default shipping address?","Czy na pewno chcesz ustawić adres jako domyślny adres wysyłki?","module","Magento_Customer"
"Delete address","Usuń adres","module","Magento_Customer"
"Are you sure you want to delete the address?","Czy na pewno chcesz usunąć adres?","module","Magento_Customer"
"Visitor","Gość","module","Magento_Customer"
"Customer","Klient","module","Magento_Customer"
"No item specified.","Nie określono pozycji.","module","Magento_Customer"
"Are you sure you want to remove this item?","Czy na pewno chcesz usunąć ten element?","module","Magento_Customer"
"Personal Information","Informacje osobiste","module","Magento_Customer"
"Last Logged In:","Ostatnio zalogowany:","module","Magento_Customer"
"Last Logged In (%1):","Ostatnio zalogowany (%1):","module","Magento_Customer"
"Account Lock:","Blokada konta:","module","Magento_Customer"
"Confirmed email:","Potwierdzony e-mail:","module","Magento_Customer"
"Account Created:","Konto utworzone:","module","Magento_Customer"
"Account Created on (%1):","Konto utworzone dnia (%1):","module","Magento_Customer"
"Account Created in:","Konto utworzone w:","module","Magento_Customer"
"Customer Group:","Grupa klientów:","module","Magento_Customer"
"Default Billing Address","domyślny adres rozliczeniowy","module","Magento_Customer"
"Sales Statistics","Statystyki sprzedaży","module","Magento_Customer"
"Web Site","Stronie internetowej","module","Magento_Customer"
"Store","Sklep","module","Magento_Customer"
"Lifetime Sales","Sprzedaż na całe życie","module","Magento_Customer"
"Average Sale","Średnia sprzedaż","module","Magento_Customer"
"All Store Views","Wszystkie wyświetlenia w sklepie","module","Magento_Customer"
"Change","Zmiana","module","Magento_Customer"
"Manage Addresses","Zarządzaj adresami","module","Magento_Customer"
"Default Shipping Address","Domyślny adres dostawy","module","Magento_Customer"
"Contact Information","Informacje kontaktowe","module","Magento_Customer"
"Change Password","Zmień hasło","module","Magento_Customer"
"Newsletters","Biuletyny","module","Magento_Customer"
"You are subscribed to ""General Subscription"".","Jesteś subskrybentem „Subskrypcji Ogólnej”.","module","Magento_Customer"
"or","lub","module","Magento_Customer"
"My Account","Moje konto","module","Magento_Customer"
"Default Addresses","Adresy domyślne","module","Magento_Customer"
"Change Billing Address","Zmień adres rozliczeniowy","module","Magento_Customer"
"You have no default billing address in your address book.","W swojej książce adresowej nie masz domyślnego adresu rozliczeniowego.","module","Magento_Customer"
"Change Shipping Address","Zmień adres wysyłki","module","Magento_Customer"
"You have no default shipping address in your address book.","W swojej książce adresowej nie masz domyślnego adresu wysyłki.","module","Magento_Customer"
"* Required Fields","* Wymagane pola","module","Magento_Customer"
"Address","Adres","module","Magento_Customer"
"Street Address %1","Ulica 1","module","Magento_Customer"
"City","Miasto","module","Magento_Customer"
"It's a default billing address.","To domyślny adres rozliczeniowy.","module","Magento_Customer"
"Use as my default billing address","Użyj jako mojego domyślnego adresu rozliczeniowego","module","Magento_Customer"
"It's a default shipping address.","To domyślny adres wysyłki.","module","Magento_Customer"
"Use as my default shipping address","Użyj jako mojego domyślnego adresu wysyłki","module","Magento_Customer"
"Save Address","Zapisz adres","module","Magento_Customer"
"Go back","Wróć","module","Magento_Customer"
"Additional Address Entries","Dodatkowe wpisy adresowe","module","Magento_Customer"
"Additional addresses","Dodatkowe adresy","module","Magento_Customer"
"First Name","Imię","module","Magento_Customer"
"Last Name","Nazwisko","module","Magento_Customer"
"Street Address","Adres ulicy","module","Magento_Customer"
"Country","Kraj","module","Magento_Customer"
"State","Państwo","module","Magento_Customer"
"Zip/Postal Code","Kod pocztowy","module","Magento_Customer"
"Phone","Telefon","module","Magento_Customer"
"Actions","działania","module","Magento_Customer"
"You have no other address entries in your address book.","Nie masz innych wpisów adresowych w swojej książce adresowej.","module","Magento_Customer"
"Please enter your email below and we will send you the confirmation link.","Wpisz swój adres e-mail poniżej, a wyślemy Ci link potwierdzający.","module","Magento_Customer"
"Email","E-mail","module","Magento_Customer"
"Send confirmation link","Wyślij link potwierdzający","module","Magento_Customer"
"Back to Sign In","Powrót do logowania","module","Magento_Customer"
"Change Email","Zmień adres e-mail","module","Magento_Customer"
"Change Email and Password","Zmień adres e-mail i hasło","module","Magento_Customer"
"Current Password","Aktualne hasło","module","Magento_Customer"
"New Password","nowe hasło","module","Magento_Customer"
"Password Strength","Siła hasła","module","Magento_Customer"
"No Password","Bez hasła","module","Magento_Customer"
"Confirm New Password","Potwierdź nowe hasło","module","Magento_Customer"
"Please enter your email address below to receive a password reset link.","Wpisz swój adres e-mail poniżej, aby otrzymać link do resetowania hasła.","module","Magento_Customer"
"Reset My Password","Zresetować moje hasło","module","Magento_Customer"
"Registered Customers","Zarejestrowani Klienci","module","Magento_Customer"
"If you have an account, sign in with your email address.","Jeśli masz konto, zaloguj się za pomocą swojego adresu e-mail.","module","Magento_Customer"
"Password","Hasło","module","Magento_Customer"
"Forgot Your Password?","Zapomniałeś hasła?","module","Magento_Customer"
"Subscription option","Opcja subskrypcji","module","Magento_Customer"
"General Subscription","Subskrypcja ogólna","module","Magento_Customer"
"Sign Up for Newsletter","Zarejestruj się aby otrzymać newsletter","module","Magento_Customer"
"Address Information","Informacje adresowe","module","Magento_Customer"
"Please select a region, state or province.","Wybierz region, stan lub prowincję.","module","Magento_Customer"
"Sign-in Information","Informacje dotyczące logowania","module","Magento_Customer"
"Confirm Password","Potwierdź hasło","module","Magento_Customer"
"Create an Account","Utwórz konto","module","Magento_Customer"
"Set a New Password","Ustaw nowe hasło","module","Magento_Customer"
"You have signed out and will go to our homepage in 5 seconds.","Wylogowałeś się i przejdziesz na naszą stronę główną za 5 sekund.","module","Magento_Customer"
"This account is not confirmed. <a href=""%1"">Click here</a> to resend confirmation email.","To konto nie jest potwierdzone. <a href=""%1"">Kliknij tutaj</a>, aby ponownie wysłać e-mail z potwierdzeniem.","module","Magento_Customer"
"You must confirm your account. Please check your email for the confirmation link or <a href=""%1"">click here</a> for a new link.","Musisz potwierdzić swoje konto. Sprawdź pocztę e-mail pod kątem linku potwierdzającego lub <a href=""%1"">kliknij tutaj</a>, aby uzyskać nowy link.","module","Magento_Customer"
"There is already an account with this email address. If you are sure that it is your email address, <a href=""%1"">click here</a> to get your password and access your account.","Istnieje już konto z tym adresem e-mail. Jeśli masz pewność, że jest to Twój adres e-mail, <a href=""%1"">kliknij tutaj</a>, aby uzyskać hasło i uzyskać dostęp do swojego konta.","module","Magento_Customer"
"New Customers","Nowi Klienci","module","Magento_Customer"
"Creating an account has many benefits: check out faster, keep more than one address, track orders and more.","Założenie konta ma wiele zalet: spłacaj zakupy szybciej, zachowaj więcej niż jeden adres, śledź zamówienia i nie tylko.","module","Magento_Customer"
"Company","Spółka","module","Magento_Customer"
"Fax","Faks","module","Magento_Customer"
"Name","Nazwa","module","Magento_Customer"
"Phone Number","Numer telefonu","module","Magento_Customer"
"Welcome to %store_name","Witamy w %store_name","module","Magento_Customer"
"%name,","%Nazwa,","module","Magento_Customer"
"Welcome to %store_name.","Witamy w %store_name.","module","Magento_Customer"
"To sign in to our site, use these credentials during checkout or on the <a href=""%customer_url"">My Account</a> page:","Aby zalogować się do naszej witryny, użyj tych danych logowania podczas realizacji transakcji lub na stronie <a href=""%customer_url"">Moje konto</a>:","module","Magento_Customer"
"Email:","E-mail:","module","Magento_Customer"
"Password:","Hasło:","module","Magento_Customer"
"Password you set when creating account","Hasło ustalane podczas tworzenia konta","module","Magento_Customer"
"Forgot your account password? Click <a href=""%reset_url"">here</a> to reset it.","Zapomniałeś hasła do konta? Kliknij <a href=""%reset_url"">tutaj</a>, aby je zresetować.","module","Magento_Customer"
"When you sign in to your account, you will be able to:","Po zalogowaniu się na swoje konto będziesz mógł:","module","Magento_Customer"
"Proceed through checkout faster","Przejdź do kasy szybciej","module","Magento_Customer"
"Check the status of orders","Sprawdź status zamówień","module","Magento_Customer"
"View past orders","Zobacz wcześniejsze zamówienia","module","Magento_Customer"
"Store alternative addresses (for shipping to multiple family members and friends)","Przechowuj alternatywne adresy (do wysyłki do wielu członków rodziny i znajomych)","module","Magento_Customer"
"Please confirm your %store_name account","Potwierdź swoje konto %store_name","module","Magento_Customer"
"You must confirm your %customer_email email before you can sign in (link is only valid once):","Przed zalogowaniem się musisz potwierdzić swój adres e-mail %customer_email (link jest ważny tylko raz):","module","Magento_Customer"
"Confirm Your Account","Potwierdzić swoje konto","module","Magento_Customer"
"Thank you for confirming your %store_name account.","Dziękujemy za potwierdzenie konta %store_name.","module","Magento_Customer"
"To sign in to our site and set a password, click on the <a href=""%create_password_url"">link</a>:","Aby zalogować się do naszej witryny i ustawić hasło, kliknij <a href=""%create_password_url"">link</a>:","module","Magento_Customer"
"Your %store_name email has been changed","Twój adres e-mail %store_name został zmieniony","module","Magento_Customer"
"We have received a request to change the following information associated with your account at %store_name: email.","Otrzymaliśmy prośbę o zmianę następujących informacji powiązanych z Twoim kontem w %store_name: email.","module","Magento_Customer"
"If you have not authorized this action, please contact us immediately at <a href=""mailto:%store_email"">%store_email</a>","Jeśli nie autoryzowałeś tego działania, natychmiast skontaktuj się z nami pod adresem <a href=""mailto:%store_email"">%store_email</a>","module","Magento_Customer"
"Thanks,<br>%store_name","Dzięki,<br>%store_name","module","Magento_Customer"
"Your %store_name email and password has been changed","Twój adres e-mail %store_name i hasło zostały zmienione","module","Magento_Customer"
"We have received a request to change the following information associated with your account at %store_name: email, password.","Otrzymaliśmy prośbę o zmianę następujących informacji powiązanych z Twoim kontem w %store_name: e-mail, hasło.","module","Magento_Customer"
"Reset your %store_name password","Zresetuj hasło do %store_name","module","Magento_Customer"
"There was recently a request to change the password for your account.","Ostatnio pojawiła się prośba o zmianę hasła do Twojego konta.","module","Magento_Customer"
"If you requested this change, set a new password here:","Jeśli zażądałeś tej zmiany, ustaw nowe hasło tutaj:","module","Magento_Customer"
"If you did not make this request, you can ignore this email and your password will remain the same.","Jeśli nie wysłałeś tej prośby, możesz zignorować tę wiadomość e-mail, a Twoje hasło pozostanie bez zmian.","module","Magento_Customer"
"Your %store_name password has been changed","Twoje hasło do %store_name zostało zmienione","module","Magento_Customer"
"We have received a request to change the following information associated with your account at %store_name: password.","Otrzymaliśmy prośbę o zmianę następujących informacji powiązanych z Twoim kontem w %store_name: hasło.","module","Magento_Customer"
"Checkout as a new customer","Do kasy jako nowy klient","module","Magento_Customer"
"Creating an account has many benefits:","Założenie konta ma wiele zalet:","module","Magento_Customer"
"See order and shipping status","Zobacz status zamówienia i wysyłki","module","Magento_Customer"
"Track order history","Śledź historię zamówień","module","Magento_Customer"
"Check out faster","Sprawdź szybciej","module","Magento_Customer"
"Checkout using your account","Zrealizuj płatność za pomocą swojego konta","module","Magento_Customer"
"Email Address","Adres e-mail","module","Magento_Customer"
"Are you sure you want to do this?","Czy na pewno chcesz to zrobić?","module","Magento_Customer"
"Sorry, there has been an error processing your request. Please try again later.","Przepraszamy, wystąpił błąd podczas przetwarzania Twojego żądania. Spróbuj ponownie później.","module","Magento_Customer"
"Could not authenticate. Please try again later","Nie udało się uwierzytelnić. Spróbuj ponownie później","module","Magento_Customer"
"Are you sure you want to delete this address?","Czy na pewno chcesz usunąć ten adres?","module","Magento_Customer"
"Provided Zip/Postal Code seems to be invalid.","Podany kod pocztowy wydaje się być nieprawidłowy.","module","Magento_Customer"
" Example: "," Przykład:","module","Magento_Customer"
"If you believe it is the right one you can ignore this notice.","Jeśli uważasz, że jest to właściwe, możesz zignorować to powiadomienie.","module","Magento_Customer"
"Weak","Słaby","module","Magento_Customer"
"Medium","Średni","module","Magento_Customer"
"Strong","Mocny","module","Magento_Customer"
"Very Strong","Bardzo silny","module","Magento_Customer"
"The Date of Birth should not be greater than today.","Data urodzenia nie powinna być późniejsza niż dzisiaj.","module","Magento_Customer"
"Guest checkout is disabled.","Kasa dla gości jest wyłączona.","module","Magento_Customer"
"All Customers","Wszyscy klienci","module","Magento_Customer"
"Reset password","Zresetuj hasło","module","Magento_Customer"
"Invalidate tokens","Unieważnij tokeny","module","Magento_Customer"
"Now Online","Teraz online","module","Magento_Customer"
"Customers Section","Sekcja klientów","module","Magento_Customer"
"Customer Configuration","Konfiguracja klienta","module","Magento_Customer"
"Account Sharing Options","Opcje udostępniania konta","module","Magento_Customer"
"Share Customer Accounts","Udostępnij konta klientów","module","Magento_Customer"
"Create New Account Options","Utwórz nowe opcje konta","module","Magento_Customer"
"Enable Automatic Assignment to Customer Group","Włącz automatyczne przypisywanie do grupy klientów","module","Magento_Customer"
"Tax Calculation Based On","Obliczanie podatku na podstawie","module","Magento_Customer"
"Default Group","Grupa domyślna","module","Magento_Customer"
"Group for Valid VAT ID - Domestic","Grupa dla ważnego identyfikatora VAT - Krajowy","module","Magento_Customer"
"Group for Valid VAT ID - Intra-Union","Grupa dla ważnego identyfikatora VAT — wewnątrzunijny","module","Magento_Customer"
"Group for Invalid VAT ID","Grupa dla nieprawidłowego identyfikatora VAT","module","Magento_Customer"
"Validation Error Group","Grupa błędów walidacji","module","Magento_Customer"
"Validate on Each Transaction","Weryfikuj przy każdej transakcji","module","Magento_Customer"
"Default Value for Disable Automatic Group Changes Based on VAT ID","Wartość domyślna wyłączania automatycznych zmian grupowych na podstawie identyfikatora VAT","module","Magento_Customer"
"Show VAT Number on Storefront","Pokaż numer VAT w witrynie Storefront","module","Magento_Customer"
"To show VAT number on Storefront, set Show VAT Number on Storefront option to Yes.","Aby wyświetlić numer VAT w witrynie sklepowej, ustaw opcję Pokaż numer VAT w witrynie sklepowej na Tak.","module","Magento_Customer"
"Default Email Domain","Domyślna domena poczty e-mail","module","Magento_Customer"
"Default Welcome Email","Domyślny e-mail powitalny","module","Magento_Customer"
"Email template chosen based on theme fallback when ""Default"" option is selected.","Szablon wiadomości e-mail wybrany na podstawie motywu zastępczego, gdy wybrana jest opcja „Domyślne”.","module","Magento_Customer"
"Default Welcome Email Without Password","Domyślny e-mail powitalny bez hasła","module","Magento_Customer"
"This email will be sent instead of the Default Welcome Email, if a customer was created without password. <br /><br />
                        Email template chosen based on theme fallback when ""Default"" option is selected.","Ten e-mail zostanie wysłany zamiast domyślnego e-maila powitalnego, jeśli klient został utworzony bez hasła. <br /><br /> Szablon wiadomości e-mail wybrany na podstawie powrotu motywu po wybraniu opcji „Domyślne”.","module","Magento_Customer"
"Email Sender","Nadawca e-maila","module","Magento_Customer"
"Require Emails Confirmation","Wymagaj potwierdzenia wiadomości e-mail","module","Magento_Customer"
"Confirmation Link Email","E-mail z linkiem potwierdzającym","module","Magento_Customer"
"Welcome Email","E-mail powitalny","module","Magento_Customer"
"This email will be sent instead of the Default Welcome Email, after account confirmation. <br /><br />
                        Email template chosen based on theme fallback when ""Default"" option is selected.","Ten e-mail zostanie wysłany zamiast domyślnego e-maila powitalnego po potwierdzeniu konta. <br /><br /> Szablon wiadomości e-mail wybrany na podstawie powrotu motywu po wybraniu opcji „Domyślne”.","module","Magento_Customer"
"Generate Human-Friendly Customer ID","Wygeneruj przyjazny dla człowieka identyfikator klienta","module","Magento_Customer"
"Password Options","Opcje hasła","module","Magento_Customer"
"Forgot Email Template","Zapomniałem szablonu e-maila","module","Magento_Customer"
"Remind Email Template","Przypomnij szablon e-mail","module","Magento_Customer"
"Reset Password Template","Resetuj szablon hasła","module","Magento_Customer"
"Password Template Email Sender","Nadawca wiadomości e-mail z szablonem hasła","module","Magento_Customer"
"Recovery Link Expiration Period (hours)","Okres wygaśnięcia łącza odzyskiwania (godziny)","module","Magento_Customer"
"Please enter a number 1 or greater in this field.","Wprowadź w tym polu liczbę 1 lub większą.","module","Magento_Customer"
"Number of Required Character Classes","Liczba wymaganych klas postaci","module","Magento_Customer"
"Number of different character classes required in password: Lowercase, Uppercase, Digits, Special Characters.","Liczba różnych klas znaków wymaganych w haśle: małe litery, wielkie litery, cyfry, znaki specjalne.","module","Magento_Customer"
"Minimum Password Length","Minimalna długość hasła","module","Magento_Customer"
"Maximum Login Failures to Lockout Account","Maksymalna liczba błędów logowania do konta blokady","module","Magento_Customer"
"Use 0 to disable account locking.","Użyj 0, aby wyłączyć blokowanie konta.","module","Magento_Customer"
"Lockout Time (minutes)","Czas blokady (minuty)","module","Magento_Customer"
"Account will be unlocked after provided time.","Konto zostanie odblokowane po określonym czasie.","module","Magento_Customer"
"Enable Autocomplete on login/forgot password forms","Włącz autouzupełnianie w formularzach logowania/zapomnienia hasła","module","Magento_Customer"
"Account Information Options","Opcje informacji o koncie","module","Magento_Customer"
"Change Email Template","Zmień szablon wiadomości e-mail","module","Magento_Customer"
"Change Email and Password Template","Zmień szablon e-maila i hasła","module","Magento_Customer"
"Name and Address Options","Opcje nazwy i adresu","module","Magento_Customer"
"Number of Lines in a Street Address","Liczba wierszy w adresie ulicy","module","Magento_Customer"
"Valid range: 1-4","Prawidłowy zakres: 1-4","module","Magento_Customer"
"Show Prefix","Pokaż przedrostek","module","Magento_Customer"
"The title that goes before name (Mr., Mrs., etc.)","Tytuł poprzedzający imię (pan, pani itd.)","module","Magento_Customer"
"Prefix Dropdown Options","Opcje rozwijane prefiksu","module","Magento_Customer"
"Semicolon (;) separated values.<br/>Leave empty for open text field.","Wartości oddzielone średnikami (;).<br/>Pozostaw puste dla otwartego pola tekstowego.","module","Magento_Customer"
"Show Middle Name (initial)","Pokaż drugie imię (początkowe)","module","Magento_Customer"
"Always optional.","Zawsze opcjonalne.","module","Magento_Customer"
"Show Suffix","Pokaż przyrostek","module","Magento_Customer"
"The suffix that goes after name (Jr., Sr., etc.)","Sufiks po nazwisku (Jr., Sr., itp.)","module","Magento_Customer"
"Suffix Dropdown Options","Opcje rozwijane sufiksów","module","Magento_Customer"
"Show Date of Birth","Pokaż datę urodzenia","module","Magento_Customer"
"Show Tax/VAT Number","Pokaż numer podatku/VAT","module","Magento_Customer"
"Show Gender","Pokaż płeć","module","Magento_Customer"
"Show Telephone","Pokaż telefon","module","Magento_Customer"
"Show Company","Pokaż firmę","module","Magento_Customer"
"Show Fax","Pokaż faks","module","Magento_Customer"
"Login Options","Opcje logowania","module","Magento_Customer"
"Redirect Customer to Account Dashboard after Logging in","Przekieruj klienta do panelu konta po zalogowaniu","module","Magento_Customer"
"Customer will stay on the current page if ""No"" is selected.","Klient pozostanie na bieżącej stronie, jeśli zostanie wybrana opcja „Nie”.","module","Magento_Customer"
"Address Templates","Szablony adresów","module","Magento_Customer"
"Text","Tekst","module","Magento_Customer"
"Text One Line","Tekst jeden wiersz","module","Magento_Customer"
"HTML","HTML","module","Magento_Customer"
"PDF","PDF","module","Magento_Customer"
"Online Customers Options","Opcje dla klientów online","module","Magento_Customer"
"Online Minutes Interval","Interwał minut online","module","Magento_Customer"
"Leave empty for default (15 minutes).","Pozostaw puste domyślnie (15 minut).","module","Magento_Customer"
"Customer Data Lifetime","Żywotność danych klienta","module","Magento_Customer"
"Please specify value in minutes.","Proszę podać wartość w minutach.","module","Magento_Customer"
"Customer Notification","Powiadomienie klienta","module","Magento_Customer"
"Assign a Customer Group","Przypisz grupę klientów","module","Magento_Customer"
"Are you sure to assign selected customers to new group?","Czy na pewno chcesz przypisać wybranych klientów do nowej grupy?","module","Magento_Customer"
"Customer Grid","Siatka klienta","module","Magento_Customer"
"Rebuild Customer grid index","Odbuduj indeks siatki klienta","module","Magento_Customer"
"Update Address","Aktualizuj adres","module","Magento_Customer"
"Name Prefix","Prefiks nazwy","module","Magento_Customer"
"Name Suffix","Przyrostek nazwy","module","Magento_Customer"
"Middle Name/Initial","Drugie imię/inicjał","module","Magento_Customer"
"State/Province","Stan/prowincja","module","Magento_Customer"
"VAT Number","Numer VAT","module","Magento_Customer"
"Are you sure to delete selected address?","Czy na pewno chcesz usunąć wybrany adres?","module","Magento_Customer"
"Delete items","Usuń elementy","module","Magento_Customer"
"Group","Grupa","module","Magento_Customer"
"Add New Customer","Dodaj nowego klienta","module","Magento_Customer"
"Are you sure you want to delete the selected customers?","Czy na pewno chcesz usunąć wybranych klientów?","module","Magento_Customer"
"Subscribe to Newsletter","Zapisz się do newslettera","module","Magento_Customer"
"Are you sure you want to unsubscribe the selected customers from the newsletter?","Czy na pewno chcesz wypisać wybranych klientów z newslettera?","module","Magento_Customer"
"Unsubscribe from Newsletter","Wypisz się z Newslettera","module","Magento_Customer"
"ZIP","zamek błyskawiczny","module","Magento_Customer"
"Customer Since","Klient od","module","Magento_Customer"
"Confirmed email","Potwierdzony e-mail","module","Magento_Customer"
"Account Created in","Konto utworzone w","module","Magento_Customer"
"Tax VAT Number","NIP VAT","module","Magento_Customer"
"Gender","Płeć","module","Magento_Customer"
"Billing Firstname","Rozliczeniowe imię","module","Magento_Customer"
"Billing Lastname","Nazwisko rozliczeniowe","module","Magento_Customer"
"Account Lock","Blokada konta","module","Magento_Customer"
"Last Activity","Ostatnia aktywność","module","Magento_Customer"
"Type","Rodzaj","module","Magento_Customer"
"Customer Information","Informacje dla klientów","module","Magento_Customer"
"If your Magento installation has multiple websites, you can edit the scope to associate the customer with a specific site.","Jeśli Twoja instalacja Magento ma wiele witryn internetowych, możesz edytować zakres, aby powiązać klienta z określoną witryną.","module","Magento_Customer"
"Disable Automatic Group Change Based on VAT ID","Wyłącz automatyczną zmianę grupy na podstawie identyfikatora VAT","module","Magento_Customer"
"Send Welcome Email From","Wyślij powitalny e-mail od","module","Magento_Customer"
"Addresses","Adresy","module","Magento_Customer"
"The customer does not have default billing address","Klient nie ma domyślnego adresu rozliczeniowego","module","Magento_Customer"
"The customer does not have default shipping address","Klient nie posiada domyślnego adresu do wysyłki","module","Magento_Customer"
"Edit Account Information","Edytuj informacje o koncie","module","Magento_Customer"
"Password forgotten","Zapomniane hasło","module","Magento_Customer"
"You are signed out","Zostałeś wylogowany","module","Magento_Customer"
"The SKU is out of stock.","SKU jest niedostępny.","module","Magento_InventoryRequisitionList"
"The requested qty is not available","Żądana ilość nie jest dostępna","module","Magento_InventoryRequisitionList"
"The product that was requested doesn't exist. Verify the product and try again.","Żądany produkt nie istnieje. Sprawdź produkt i spróbuj ponownie.","module","Magento_InventorySales"
"Can't check requested quantity for products without Source Items support.","Nie można sprawdzić żądanej ilości produktów bez obsługi elementów źródłowych.","module","Magento_InventorySales"
"No linked stock found","Nie znaleziono powiązanych akcji","module","Magento_InventorySales"
"We don't have as many quantity as you requested, but we'll back order the remaining %1.","Nie mamy tylu ilości, ile prosiłeś, ale zwrócimy zamówienie na pozostałe %1.","module","Magento_InventorySales"
"Parameter ""object"" must be present.","Musi być obecny parametr „obiekt”.","module","Magento_InventorySales"
"Parameter ""sort_order"" must be present for unrequired conditions.","Parametr „sort_order” musi być obecny w przypadku niewymaganych warunków.","module","Magento_InventorySales"
"Condition has to implement IsProductSalableInterface.","Warunek musi zaimplementować IsProductSalableInterface.","module","Magento_InventorySales"
"Backorders are disabled","Zaległe zamówienia są wyłączone","module","Magento_InventorySales"
"There are no source items with the in stock status","Brak pozycji źródłowych o statusie w magazynie","module","Magento_InventorySales"
"The fewest you may purchase is %1","Najmniej, które możesz kupić to % 1","module","Magento_InventorySales"
"The requested qty exceeds the maximum qty allowed in shopping cart","Żądana ilość przekracza maksymalną ilość dozwoloną w koszyku","module","Magento_InventorySales"
"You can buy this product only in quantities of %1 at a time.","Możesz kupić ten produkt tylko w ilości %1 na raz.","module","Magento_InventorySales"
"You cannot use decimal quantity for this product.","Dla tego produktu nie można użyć ilości dziesiętnych.","module","Magento_InventorySales"
"Parameter ""sort_order"" must be present for urequired conditions.","Parametr „sort_order” musi być obecny dla wymaganych warunków.","module","Magento_InventorySales"
"Condition has to implement IsProductSalableForRequestedQtyInterface.","Warunek musi zaimplementować interfejs IsProductSalableForRequestedQtyInterface.","module","Magento_InventorySales"
"The requested sku is not assigned to given stock.","Żądana jednostka sku nie jest przypisana do danego towaru.","module","Magento_InventorySales"
"The requested sku is not assigned to given stock","Żądana jednostka sku nie jest przypisana do danego towaru","module","Magento_InventorySales"
"The requested qty is not available","Żądana ilość nie jest dostępna","module","Magento_InventorySales"
"Manage stock is enabled","Zarządzanie zapasami jest włączone","module","Magento_InventorySales"
"Condition must implement %1","Warunek musi implementować% 1","module","Magento_InventorySales"
"""%field"" can not be empty.","Pole „%” nie może być puste.","module","Magento_InventorySales"
"The website with code ""%code"" does not exist.","Witryna z kodem „%code” nie istnieje.","module","Magento_InventorySales"
"$scopeId is required","$scopeId jest wymagany","module","Magento_InventorySales"
"$websiteId parameter is required","Parametr $websiteId jest wymagany","module","Magento_InventorySales"
"Could not load Sales Channels for Stock","Nie można załadować kanałów sprzedaży dla magazynu","module","Magento_InventorySales"
"Stock has at least one sale channel and could not be deleted.","Stock ma co najmniej jeden kanał sprzedaży i nie można go usunąć.","module","Magento_InventorySales"
"Could not replace Sales Channels for Stock","Nie można zastąpić kanałów sprzedaży w magazynie","module","Magento_InventorySales"
"Wrong condition.","Zły stan.","module","Magento_InventorySales"
